{
  "version": 1,
  "width": 160,
  "height": 35,
  "duration": 1.869727,
  "command": null,
  "title": null,
  "env": {
    "TERM": "xterm-256color",
    "SHELL": "/bin/bash"
  },
  "stdout": [
    [
      0.020112,
      "\u001b[?1034hbash-3.2$ "
    ],
    [
      1.042975,
      "h"
    ],
    [
      0.11003,
      "e"
    ],
    [
      0.099547,
      "l"
    ],
    [
      0.134869,
      "l"
    ],
    [
      0.19501,
      "o"
    ],
    [
      0.255325,
      "\r\n"
    ],
    [
      0.001033,
      "bash: hello: command not found\r\n"
    ],
    [
      0.000361,
      "bash-3.2$ "
    ]
  ]
}